id,path,possessed
001,C:/R/Posession/imgProcessed/0/001.jpg,1
002,C:/R/Posession/imgProcessed/0/002.jpg,1
003,C:/R/Posession/imgProcessed/0/003.jpg,1
004,C:/R/Posession/imgProcessed/0/004.jpg,1
005,C:/R/Posession/imgProcessed/0/005.jpg,1
006,C:/R/Posession/imgProcessed/0/006.jpg,1
007,C:/R/Posession/imgProcessed/0/007.jpg,1
008,C:/R/Posession/imgProcessed/0/008.jpg,1
009,C:/R/Posession/imgProcessed/0/009.jpg,1
010,C:/R/Posession/imgProcessed/0/010.jpg,1
011,C:/R/Posession/imgProcessed/0/011.jpg,1
012,C:/R/Posession/imgProcessed/0/012.jpg,1
001,C:/R/Posession/imgProcessed/45/001.jpg,1
002,C:/R/Posession/imgProcessed/45/002.jpg,1
003,C:/R/Posession/imgProcessed/45/003.jpg,1
004,C:/R/Posession/imgProcessed/45/004.jpg,1
005,C:/R/Posession/imgProcessed/45/005.jpg,1
006,C:/R/Posession/imgProcessed/45/006.jpg,1
007,C:/R/Posession/imgProcessed/45/007.jpg,1
008,C:/R/Posession/imgProcessed/45/008.jpg,1
009,C:/R/Posession/imgProcessed/45/009.jpg,1
010,C:/R/Posession/imgProcessed/45/010.jpg,1
011,C:/R/Posession/imgProcessed/45/011.jpg,1
012,C:/R/Posession/imgProcessed/45/012.jpg,1
001,C:/R/Posession/imgProcessed/90/001.jpg,1
002,C:/R/Posession/imgProcessed/90/002.jpg,1
003,C:/R/Posession/imgProcessed/90/003.jpg,1
004,C:/R/Posession/imgProcessed/90/004.jpg,1
005,C:/R/Posession/imgProcessed/90/005.jpg,1
006,C:/R/Posession/imgProcessed/90/006.jpg,1
007,C:/R/Posession/imgProcessed/90/007.jpg,1
008,C:/R/Posession/imgProcessed/90/008.jpg,1
009,C:/R/Posession/imgProcessed/90/009.jpg,1
010,C:/R/Posession/imgProcessed/90/010.jpg,1
011,C:/R/Posession/imgProcessed/90/011.jpg,1
012,C:/R/Posession/imgProcessed/90/012.jpg,1
101,C:/R/Posession/imgProcessed/0/101.jpg,0
102,C:/R/Posession/imgProcessed/0/102.jpg,0
103,C:/R/Posession/imgProcessed/0/103.jpg,0
104,C:/R/Posession/imgProcessed/0/104.jpg,0
105,C:/R/Posession/imgProcessed/0/105.jpg,0
106,C:/R/Posession/imgProcessed/0/106.jpg,0
107,C:/R/Posession/imgProcessed/0/107.jpg,0
108,C:/R/Posession/imgProcessed/0/108.jpg,0
109,C:/R/Posession/imgProcessed/0/109.jpg,0
110,C:/R/Posession/imgProcessed/0/110.jpg,0
111,C:/R/Posession/imgProcessed/0/111.jpg,0
112,C:/R/Posession/imgProcessed/0/112.jpg,0
101,C:/R/Posession/imgProcessed/45/101.jpg,0
102,C:/R/Posession/imgProcessed/45/102.jpg,0
103,C:/R/Posession/imgProcessed/45/103.jpg,0
104,C:/R/Posession/imgProcessed/45/104.jpg,0
105,C:/R/Posession/imgProcessed/45/105.jpg,0
106,C:/R/Posession/imgProcessed/45/106.jpg,0
107,C:/R/Posession/imgProcessed/45/107.jpg,0
108,C:/R/Posession/imgProcessed/45/108.jpg,0
109,C:/R/Posession/imgProcessed/45/109.jpg,0
110,C:/R/Posession/imgProcessed/45/110.jpg,0
111,C:/R/Posession/imgProcessed/45/111.jpg,0
112,C:/R/Posession/imgProcessed/45/112.jpg,0
101,C:/R/Posession/imgProcessed/90/101.jpg,0
102,C:/R/Posession/imgProcessed/90/102.jpg,0
103,C:/R/Posession/imgProcessed/90/103.jpg,0
104,C:/R/Posession/imgProcessed/90/104.jpg,0
105,C:/R/Posession/imgProcessed/90/105.jpg,0
106,C:/R/Posession/imgProcessed/90/106.jpg,0
107,C:/R/Posession/imgProcessed/90/107.jpg,0
108,C:/R/Posession/imgProcessed/90/108.jpg,0
109,C:/R/Posession/imgProcessed/90/109.jpg,0
110,C:/R/Posession/imgProcessed/90/110.jpg,0
111,C:/R/Posession/imgProcessed/90/111.jpg,0
112,C:/R/Posession/imgProcessed/90/112.jpg,0
